Tipo,Cargo u oficio por entrevistados,NIVEL,PROGRAMA,MUNICIPIO,TOTAL_MATRICULADOS_2017,TOTAL_MATRICULADOS_2018,VARIACION_PORCENTUAL_2018_2017
CRÍTICO,ADMINISTRADOR DE BASES DE DATOS,UNIVERSITARIO,INGENIERÍA DE SISTEMAS,MANIZALES,2124,2145,0.0099
CRÍTICO,ADMINISTRADOR DE BASES DE DATOS,UNIVERSITARIO,INGENIERÍA DE SISTEMAS,MEDELLÍN,8307,9279,0.117
ALTA ROTACIÓN,ADMINISTRADOR DE MESA DE AYUDA,UNIVERSITARIO,INGENIERÍA ELECTRÓNICA,BOGOTÁ,11772,10896,-0.0744
ALTA ROTACIÓN,ADMINISTRADOR DE MESA DE AYUDA,UNIVERSITARIO,INGENIERÍA DE SISTEMAS,BOGOTÁ,25659,25226,-0.0169
CRÍTICO,ADMINISTRADOR DE PLATAFORMAS,UNIVERSITARIO,INGENIERÍA DE SISTEMAS,MEDELLÍN,8307,9279,0.117
CRÍTICO,ADMINISTRADOR DE PLATAFORMAS,UNIVERSITARIO,INGENIERÍA ELECTRÓNICA,BUCARAMANGA,2787,2616,-0.0614
CRÍTICO,ADMINISTRADOR DE PLATAFORMAS,UNIVERSITARIO,INGENIERÍA ELECTRÓNICA,BOGOTÁ,11772,10896,-0.0744
CRÍTICO,ADMINISTRADOR DE PLATAFORMAS,UNIVERSITARIO,INGENIERÍA DE SISTEMAS,BUCARAMANGA,3333,3525,0.0576
CRÍTICO,ADMINISTRADOR DE PLATAFORMAS,UNIVERSITARIO,INGENIERÍA DE SISTEMAS,BOGOTÁ,25659,25226,-0.0169
CRÍTICO,ANALISTA DE CALIDAD,UNIVERSITARIO,INGENIERÍA DE SISTEMAS,CALI,4255,4464,0.0491
ALTA ROTACIÓN,ANALISTA DE CALIDAD,UNIVERSITARIO,INGENIERÍA DE SISTEMAS,CALI,4255,4464,0.0491
CRÍTICO,ANALISTA DE CALIDAD,UNIVERSITARIO,INGENIERÍA DE SISTEMAS,MANIZALES,2124,2145,0.0099
ALTA ROTACIÓN,ANALISTA DE CALIDAD,UNIVERSITARIO,INGENIERÍA DE SISTEMAS,MANIZALES,2124,2145,0.0099
CRÍTICO,ANALISTA DE REDES Y SOPORTES,UNIVERSITARIO,INGENIERÍA DE SISTEMAS,BOGOTÁ,25659,25226,-0.0169
ALTA DEMANDA,ANALISTA DE SOFTWARE - DESARROLLADOR DE APLICACIONES,UNIVERSITARIO,INGENIERÍA DE SISTEMAS,BUCARAMANGA,3333,3525,0.0576
ALTA DEMANDA,ANALISTA DE SOFTWARE - DESARROLLADOR DE APLICACIONES,UNIVERSITARIO,INGENIERÍA DE SISTEMAS,BARRANQUILLA,3198,3163,-0.0109
ALTA DEMANDA,ANALISTA DE SOFTWARE - DESARROLLADOR DE APLICACIONES,UNIVERSITARIO,INGENIERÍA DE SOFTWARE,BOGOTÁ,1362,2517,0.848
ALTA DEMANDA,ANALISTA DE SOFTWARE - DESARROLLADOR DE APLICACIONES,UNIVERSITARIO,INGENIERÍA DE SISTEMAS,BOGOTÁ,25659,25226,-0.0169
ALTA DEMANDA,ARQUITECTO DE SOLUCIONES,UNIVERSITARIO,INGENIERÍA DE SISTEMAS,MEDELLÍN,8307,9279,0.117
ALTA DEMANDA,ARQUITECTO DE SOLUCIONES,UNIVERSITARIO,INGENIERÍA DE SISTEMAS,BARRANQUILLA,3198,3163,-0.0109
ALTA DEMANDA,ARQUITECTO DE SOLUCIONES,UNIVERSITARIO,INGENIERÍA DE SISTEMAS,BOGOTÁ,25659,25226,-0.0169
ALTA DEMANDA,ARQUITECTO DE SOLUCIONES,UNIVERSITARIO,INGENIERÍA DE SISTEMAS,MEDELLÍN,8307,9279,0.117
ALTA DEMANDA,ARQUITECTO DE SOLUCIONES,UNIVERSITARIO,INGENIERÍA DE SISTEMAS,BARRANQUILLA,3198,3163,-0.0109
ALTA ROTACIÓN,ASESOR DE SOPORTE AL CLIENTE,UNIVERSITARIO,INGENIERÍA DE SISTEMAS,BUCARAMANGA,3333,3525,0.0576
ALTA ROTACIÓN,ASESOR DE SOPORTE AL CLIENTE,UNIVERSITARIO,INGENIERÍA DE SISTEMAS,MEDELLÍN,8307,9279,0.117
CRÍTICO,ANALISTA DE SOPORTE,UNIVERSITARIO,INGENIERÍA DE SISTEMAS,BUCARAMANGA,3333,3525,0.0576
ALTA ROTACIÓN,ANALISTA DE SOPORTE,UNIVERSITARIO,INGENIERÍA DE SISTEMAS,BUCARAMANGA,3333,3525,0.0576
CRÍTICO,ANALISTA DE SOPORTE,UNIVERSITARIO,INGENIERÍA DE SISTEMAS,BOGOTÁ,25659,25226,-0.0169
ALTA ROTACIÓN,ANALISTA DE SOPORTE,UNIVERSITARIO,INGENIERÍA DE SISTEMAS,BOGOTÁ,25659,25226,-0.0169
CRÍTICO,ANALISTA DE SOPORTE,UNIVERSITARIO,INGENIERÍA DE SISTEMAS,ARMENIA,1304,1541,0.1817
ALTA ROTACIÓN,ANALISTA DE SOPORTE,UNIVERSITARIO,INGENIERÍA DE SISTEMAS,ARMENIA,1304,1541,0.1817
CRÍTICO,ANALISTA DE SOPORTE,UNIVERSITARIO,INGENIERÍA DE SOFTWARE,BOGOTÁ,1362,2517,0.848
ALTA ROTACIÓN,ANALISTA DE SOPORTE,UNIVERSITARIO,INGENIERÍA DE SOFTWARE,BOGOTÁ,1362,2517,0.848
ALTA DEMANDA,ANALISTA EN IA,UNIVERSITARIO,INGENIERÍA DE SISTEMAS,MEDELLÍN,8307,9279,0.117
CRÍTICO,ANALISTA FUNCIONAL,UNIVERSITARIO,INGENIERÍA DE SISTEMAS,BOGOTÁ,25659,25226,-0.0169
ALTA DEMANDA,ANALISTA FUNCIONAL,UNIVERSITARIO,INGENIERÍA DE SISTEMAS,BOGOTÁ,25659,25226,-0.0169
ALTA ROTACIÓN,ANALISTA FUNCIONAL,UNIVERSITARIO,INGENIERÍA DE SISTEMAS,BOGOTÁ,25659,25226,-0.0169
CRÍTICO,ANALISTA SENIOR,UNIVERSITARIO,INGENIERÍA DE SISTEMAS,PEREIRA,2795,2683,-0.0401
CRÍTICO,ARQUITECTO DE INFORMACIÓN,UNIVERSITARIO,INGENIERÍA DE SISTEMAS,BOGOTÁ,25659,25226,-0.0169
CRÍTICO,ARQUITECTO DE SOFTWARE,UNIVERSITARIO,INGENIERÍA ELECTRÓNICA,BOGOTÁ,11772,10896,-0.0744
ALTA DEMANDA,ARQUITECTO DE SOFTWARE,UNIVERSITARIO,INGENIERÍA ELECTRÓNICA,BOGOTÁ,11772,10896,-0.0744
ALTA ROTACIÓN,ARQUITECTO DE SOFTWARE,UNIVERSITARIO,INGENIERÍA ELECTRÓNICA,BOGOTÁ,11772,10896,-0.0744
CRÍTICO,ARQUITECTO DE SOFTWARE,UNIVERSITARIO,INGENIERÍA DE SISTEMAS,MANIZALES,2124,2145,0.0099
ALTA DEMANDA,ARQUITECTO DE SOFTWARE,UNIVERSITARIO,INGENIERÍA DE SISTEMAS,MANIZALES,2124,2145,0.0099
ALTA ROTACIÓN,ARQUITECTO DE SOFTWARE,UNIVERSITARIO,INGENIERÍA DE SISTEMAS,MANIZALES,2124,2145,0.0099
CRÍTICO,ARQUITECTO DE SOFTWARE,UNIVERSITARIO,INGENIERÍA EN INFORMÁTICA,MEDELLÍN,1267,2244,0.7711
ALTA DEMANDA,ARQUITECTO DE SOFTWARE,UNIVERSITARIO,INGENIERÍA EN INFORMÁTICA,MEDELLÍN,1267,2244,0.7711
ALTA ROTACIÓN,ARQUITECTO DE SOFTWARE,UNIVERSITARIO,INGENIERÍA EN INFORMÁTICA,MEDELLÍN,1267,2244,0.7711
CRÍTICO,ARQUITECTO DE SOFTWARE,UNIVERSITARIO,INGENIERÍA DE SISTEMAS,BOGOTÁ,25659,25226,-0.0169
ALTA DEMANDA,ARQUITECTO DE SOFTWARE,UNIVERSITARIO,INGENIERÍA DE SISTEMAS,BOGOTÁ,25659,25226,-0.0169
ALTA ROTACIÓN,ARQUITECTO DE SOFTWARE,UNIVERSITARIO,INGENIERÍA DE SISTEMAS,BOGOTÁ,25659,25226,-0.0169
CRÍTICO,ARQUITECTO DE SOFTWARE,UNIVERSITARIO,INGENIERÍA DE SISTEMAS,MEDELLÍN,8307,9279,0.117
ALTA DEMANDA,ARQUITECTO DE SOFTWARE,UNIVERSITARIO,INGENIERÍA DE SISTEMAS,MEDELLÍN,8307,9279,0.117
ALTA ROTACIÓN,ARQUITECTO DE SOFTWARE,UNIVERSITARIO,INGENIERÍA DE SISTEMAS,MEDELLÍN,8307,9279,0.117
CRÍTICO,ASISTENTE TÉCNICO,UNIVERSITARIO,INGENIERÍA DE SISTEMAS,BOGOTÁ,25659,25226,-0.0169
ALTA ROTACIÓN,ASISTENTE TÉCNICO,UNIVERSITARIO,INGENIERÍA DE SISTEMAS,BOGOTÁ,25659,25226,-0.0169
CRÍTICO,CIENTÍFICO DE DATOS,UNIVERSITARIO,INGENIERÍA DE SISTEMAS,BOGOTÁ,25659,25226,-0.0169
ALTA DEMANDA,CIENTÍFICO DE DATOS,UNIVERSITARIO,INGENIERÍA DE SISTEMAS,BOGOTÁ,25659,25226,-0.0169
CRÍTICO,CIENTÍFICO DE DATOS,UNIVERSITARIO,INGENIERÍA DE SISTEMAS,MANIZALES,2124,2145,0.0099
ALTA DEMANDA,CIENTÍFICO DE DATOS,UNIVERSITARIO,INGENIERÍA DE SISTEMAS,MANIZALES,2124,2145,0.0099
CRÍTICO,CIENTÍFICO DE DATOS,UNIVERSITARIO,INGENIERÍA DE SISTEMAS,MEDELLÍN,8307,9279,0.117
ALTA DEMANDA,CIENTÍFICO DE DATOS,UNIVERSITARIO,INGENIERÍA DE SISTEMAS,MEDELLÍN,8307,9279,0.117
CRÍTICO,CONSULTOR DE DESARROLLO,UNIVERSITARIO,INGENIERÍA DE SISTEMAS,BOGOTÁ,25659,25226,-0.0169
ALTA DEMANDA,CONSULTOR DE DESARROLLO,UNIVERSITARIO,INGENIERÍA DE SISTEMAS,BOGOTÁ,25659,25226,-0.0169
CRÍTICO,CONSULTOR DE DESARROLLO,UNIVERSITARIO,INGENIERÍA DE SISTEMAS,MEDELLÍN,8307,9279,0.117
ALTA DEMANDA,CONSULTOR DE DESARROLLO,UNIVERSITARIO,INGENIERÍA DE SISTEMAS,MEDELLÍN,8307,9279,0.117
ALTA DEMANDA,CONSULTOR DE IMPLEMENTACIÓN,UNIVERSITARIO,INGENIERÍA DE SISTEMAS,BOGOTÁ,25659,25226,-0.0169
ALTA ROTACIÓN,CONSULTOR DE IMPLEMENTACIÓN,UNIVERSITARIO,INGENIERÍA DE SISTEMAS,BOGOTÁ,25659,25226,-0.0169
CRÍTICO,DESARROLLADOR,UNIVERSITARIO,INGENIERÍA ELECTRÓNICA,BOGOTÁ,11772,10896,-0.0744
ALTA DEMANDA,DESARROLLADOR,UNIVERSITARIO,INGENIERÍA ELECTRÓNICA,BOGOTÁ,11772,10896,-0.0744
ALTA ROTACIÓN,DESARROLLADOR,UNIVERSITARIO,INGENIERÍA ELECTRÓNICA,BOGOTÁ,11772,10896,-0.0744
CRÍTICO,DESARROLLADOR,UNIVERSITARIO,INGENIERÍA DE SISTEMAS,BARRANQUILLA,3198,3163,-0.0109
ALTA DEMANDA,DESARROLLADOR,UNIVERSITARIO,INGENIERÍA DE SISTEMAS,BARRANQUILLA,3198,3163,-0.0109
ALTA ROTACIÓN,DESARROLLADOR,UNIVERSITARIO,INGENIERÍA DE SISTEMAS,BARRANQUILLA,3198,3163,-0.0109
CRÍTICO,DESARROLLADOR,UNIVERSITARIO,INGENIERÍA DE SISTEMAS,MEDELLÍN,8307,9279,0.117
ALTA DEMANDA,DESARROLLADOR,UNIVERSITARIO,INGENIERÍA DE SISTEMAS,MEDELLÍN,8307,9279,0.117
ALTA ROTACIÓN,DESARROLLADOR,UNIVERSITARIO,INGENIERÍA DE SISTEMAS,MEDELLÍN,8307,9279,0.117
CRÍTICO,DESARROLLADOR,UNIVERSITARIO,INGENIERÍA DE SISTEMAS,CALI,4255,4464,0.0491
ALTA DEMANDA,DESARROLLADOR,UNIVERSITARIO,INGENIERÍA DE SISTEMAS,CALI,4255,4464,0.0491
ALTA ROTACIÓN,DESARROLLADOR,UNIVERSITARIO,INGENIERÍA DE SISTEMAS,CALI,4255,4464,0.0491
CRÍTICO,DESARROLLADOR,UNIVERSITARIO,INGENIERÍA ELECTRÓNICA,BUCARAMANGA,2787,2616,-0.0614
ALTA DEMANDA,DESARROLLADOR,UNIVERSITARIO,INGENIERÍA ELECTRÓNICA,BUCARAMANGA,2787,2616,-0.0614
ALTA ROTACIÓN,DESARROLLADOR,UNIVERSITARIO,INGENIERÍA ELECTRÓNICA,BUCARAMANGA,2787,2616,-0.0614
CRÍTICO,DESARROLLADOR,UNIVERSITARIO,INGENIERÍA DE SISTEMAS,BOGOTÁ,25659,25226,-0.0169
ALTA DEMANDA,DESARROLLADOR,UNIVERSITARIO,INGENIERÍA DE SISTEMAS,BOGOTÁ,25659,25226,-0.0169
ALTA ROTACIÓN,DESARROLLADOR,UNIVERSITARIO,INGENIERÍA DE SISTEMAS,BOGOTÁ,25659,25226,-0.0169
CRÍTICO,DESARROLLADOR,UNIVERSITARIO,INGENIERÍA DE SISTEMAS,BUCARAMANGA,3333,3525,0.0576
ALTA DEMANDA,DESARROLLADOR,UNIVERSITARIO,INGENIERÍA DE SISTEMAS,BUCARAMANGA,3333,3525,0.0576
ALTA ROTACIÓN,DESARROLLADOR,UNIVERSITARIO,INGENIERÍA DE SISTEMAS,BUCARAMANGA,3333,3525,0.0576
CRÍTICO,DESARROLLADOR,UNIVERSITARIO,INGENIERÍA DE SISTEMAS,MANIZALES,2124,2145,0.0099
ALTA DEMANDA,DESARROLLADOR,UNIVERSITARIO,INGENIERÍA DE SISTEMAS,MANIZALES,2124,2145,0.0099
ALTA ROTACIÓN,DESARROLLADOR,UNIVERSITARIO,INGENIERÍA DE SISTEMAS,MANIZALES,2124,2145,0.0099
CRÍTICO,DESARROLLADOR,UNIVERSITARIO,INGENIERÍA DE SISTEMAS,ARMENIA,1304,1541,0.1817
ALTA DEMANDA,DESARROLLADOR,UNIVERSITARIO,INGENIERÍA DE SISTEMAS,ARMENIA,1304,1541,0.1817
ALTA ROTACIÓN,DESARROLLADOR,UNIVERSITARIO,INGENIERÍA DE SISTEMAS,ARMENIA,1304,1541,0.1817
CRÍTICO,DESARROLLADOR,UNIVERSITARIO,INGENIERÍA DE SISTEMAS,PEREIRA,2795,2683,-0.0401
ALTA DEMANDA,DESARROLLADOR,UNIVERSITARIO,INGENIERÍA DE SISTEMAS,PEREIRA,2795,2683,-0.0401
ALTA ROTACIÓN,DESARROLLADOR,UNIVERSITARIO,INGENIERÍA DE SISTEMAS,PEREIRA,2795,2683,-0.0401
ALTA ROTACIÓN,INGENIERO DE CONTROL DOCUMENTAL,UNIVERSITARIO,INGENIERÍA DE SISTEMAS,BOGOTÁ,25659,25226,-0.0169
CRÍTICO,INGENIERO DE DATOS,UNIVERSITARIO,INGENIERÍA DE SISTEMAS,MANIZALES,2124,2145,0.0099
CRÍTICO,DESARROLLADOR JUNIOR,UNIVERSITARIO,INGENIERÍA DE SISTEMAS,BOGOTÁ,25659,25226,-0.0169
ALTA DEMANDA,DESARROLLADOR JUNIOR,UNIVERSITARIO,INGENIERÍA DE SISTEMAS,BOGOTÁ,25659,25226,-0.0169
ALTA ROTACIÓN,DESARROLLADOR JUNIOR,UNIVERSITARIO,INGENIERÍA DE SISTEMAS,BOGOTÁ,25659,25226,-0.0169
CRÍTICO,DESARROLLADOR JUNIOR,UNIVERSITARIO,INGENIERÍA DE SISTEMAS,MANIZALES,2124,2145,0.0099
ALTA DEMANDA,DESARROLLADOR JUNIOR,UNIVERSITARIO,INGENIERÍA DE SISTEMAS,MANIZALES,2124,2145,0.0099
ALTA ROTACIÓN,DESARROLLADOR JUNIOR,UNIVERSITARIO,INGENIERÍA DE SISTEMAS,MANIZALES,2124,2145,0.0099
CRÍTICO,DESARROLLADOR JUNIOR,UNIVERSITARIO,INGENIERÍA DE SISTEMAS,BUCARAMANGA,3333,3525,0.0576
ALTA DEMANDA,DESARROLLADOR JUNIOR,UNIVERSITARIO,INGENIERÍA DE SISTEMAS,BUCARAMANGA,3333,3525,0.0576
ALTA ROTACIÓN,DESARROLLADOR JUNIOR,UNIVERSITARIO,INGENIERÍA DE SISTEMAS,BUCARAMANGA,3333,3525,0.0576
CRÍTICO,DESARROLLADOR JUNIOR,UNIVERSITARIO,INGENIERÍA DE SISTEMAS,PEREIRA,2795,2683,-0.0401
ALTA DEMANDA,DESARROLLADOR JUNIOR,UNIVERSITARIO,INGENIERÍA DE SISTEMAS,PEREIRA,2795,2683,-0.0401
ALTA ROTACIÓN,DESARROLLADOR JUNIOR,UNIVERSITARIO,INGENIERÍA DE SISTEMAS,PEREIRA,2795,2683,-0.0401
CRÍTICO,DESARROLLADOR JUNIOR,UNIVERSITARIO,INGENIERÍA DE SOFTWARE,BOGOTÁ,1362,2517,0.848
ALTA DEMANDA,DESARROLLADOR JUNIOR,UNIVERSITARIO,INGENIERÍA DE SOFTWARE,BOGOTÁ,1362,2517,0.848
ALTA ROTACIÓN,DESARROLLADOR JUNIOR,UNIVERSITARIO,INGENIERÍA DE SOFTWARE,BOGOTÁ,1362,2517,0.848
CRÍTICO,DESARROLLADOR SENIOR,UNIVERSITARIO,INGENIERÍA DE SISTEMAS,BOGOTÁ,25659,25226,-0.0169
ALTA DEMANDA,DESARROLLADOR SENIOR,UNIVERSITARIO,INGENIERÍA DE SISTEMAS,BOGOTÁ,25659,25226,-0.0169
ALTA ROTACIÓN,DESARROLLADOR SENIOR,UNIVERSITARIO,INGENIERÍA DE SISTEMAS,BOGOTÁ,25659,25226,-0.0169
CRÍTICO,DESARROLLADOR SENIOR,UNIVERSITARIO,INGENIERÍA DE SISTEMAS,MANIZALES,2124,2145,0.0099
ALTA DEMANDA,DESARROLLADOR SENIOR,UNIVERSITARIO,INGENIERÍA DE SISTEMAS,MANIZALES,2124,2145,0.0099
ALTA ROTACIÓN,DESARROLLADOR SENIOR,UNIVERSITARIO,INGENIERÍA DE SISTEMAS,MANIZALES,2124,2145,0.0099
CRÍTICO,DESARROLLADOR SENIOR,UNIVERSITARIO,INGENIERÍA DE SISTEMAS,PEREIRA,2795,2683,-0.0401
ALTA DEMANDA,DESARROLLADOR SENIOR,UNIVERSITARIO,INGENIERÍA DE SISTEMAS,PEREIRA,2795,2683,-0.0401
ALTA ROTACIÓN,DESARROLLADOR SENIOR,UNIVERSITARIO,INGENIERÍA DE SISTEMAS,PEREIRA,2795,2683,-0.0401
CRÍTICO,DESARROLLADOR SENIOR,UNIVERSITARIO,INGENIERÍA DE SISTEMAS,MEDELLÍN,8307,9279,0.117
ALTA DEMANDA,DESARROLLADOR SENIOR,UNIVERSITARIO,INGENIERÍA DE SISTEMAS,MEDELLÍN,8307,9279,0.117
ALTA ROTACIÓN,DESARROLLADOR SENIOR,UNIVERSITARIO,INGENIERÍA DE SISTEMAS,MEDELLÍN,8307,9279,0.117
CRÍTICO,DESARROLLADOR SENIOR,UNIVERSITARIO,INGENIERÍA EN INFORMÁTICA,MEDELLÍN,1267,2244,0.7711
ALTA DEMANDA,DESARROLLADOR SENIOR,UNIVERSITARIO,INGENIERÍA EN INFORMÁTICA,MEDELLÍN,1267,2244,0.7711
ALTA ROTACIÓN,DESARROLLADOR SENIOR,UNIVERSITARIO,INGENIERÍA EN INFORMÁTICA,MEDELLÍN,1267,2244,0.7711
CRÍTICO,DIRECTOR DE DESARROLLO Y/O OPERACIONES,UNIVERSITARIO,INGENIERÍA DE SISTEMAS,MEDELLÍN,8307,9279,0.117
ALTA DEMANDA,DIRECTOR DE DESARROLLO Y/O OPERACIONES,UNIVERSITARIO,INGENIERÍA DE SISTEMAS,MEDELLÍN,8307,9279,0.117
ALTA ROTACIÓN,DIRECTOR DE DESARROLLO Y/O OPERACIONES,UNIVERSITARIO,INGENIERÍA DE SISTEMAS,MEDELLÍN,8307,9279,0.117
CRÍTICO,DIRECTOR DE DESARROLLO Y/O OPERACIONES,UNIVERSITARIO,INGENIERÍA DE SISTEMAS,CALI,4255,4464,0.0491
ALTA DEMANDA,DIRECTOR DE DESARROLLO Y/O OPERACIONES,UNIVERSITARIO,INGENIERÍA DE SISTEMAS,CALI,4255,4464,0.0491
ALTA ROTACIÓN,DIRECTOR DE DESARROLLO Y/O OPERACIONES,UNIVERSITARIO,INGENIERÍA DE SISTEMAS,CALI,4255,4464,0.0491
CRÍTICO,DIRECTOR DE DESARROLLO Y/O OPERACIONES,UNIVERSITARIO,INGENIERÍA DE SISTEMAS,BUCARAMANGA,3333,3525,0.0576
ALTA DEMANDA,DIRECTOR DE DESARROLLO Y/O OPERACIONES,UNIVERSITARIO,INGENIERÍA DE SISTEMAS,BUCARAMANGA,3333,3525,0.0576
ALTA ROTACIÓN,DIRECTOR DE DESARROLLO Y/O OPERACIONES,UNIVERSITARIO,INGENIERÍA DE SISTEMAS,BUCARAMANGA,3333,3525,0.0576
CRÍTICO,DIRECTOR DE DESARROLLO Y/O OPERACIONES,UNIVERSITARIO,INGENIERÍA DE SISTEMAS,BARRANQUILLA,3198,3163,-0.0109
ALTA DEMANDA,DIRECTOR DE DESARROLLO Y/O OPERACIONES,UNIVERSITARIO,INGENIERÍA DE SISTEMAS,BARRANQUILLA,3198,3163,-0.0109
ALTA ROTACIÓN,DIRECTOR DE DESARROLLO Y/O OPERACIONES,UNIVERSITARIO,INGENIERÍA DE SISTEMAS,BARRANQUILLA,3198,3163,-0.0109
CRÍTICO,DIRECTOR DE DESARROLLO Y/O OPERACIONES,UNIVERSITARIO,INGENIERÍA DE SISTEMAS,MANIZALES,2124,2145,0.0099
ALTA DEMANDA,DIRECTOR DE DESARROLLO Y/O OPERACIONES,UNIVERSITARIO,INGENIERÍA DE SISTEMAS,MANIZALES,2124,2145,0.0099
ALTA ROTACIÓN,DIRECTOR DE DESARROLLO Y/O OPERACIONES,UNIVERSITARIO,INGENIERÍA DE SISTEMAS,MANIZALES,2124,2145,0.0099
CRÍTICO,DIRECTOR DE DESARROLLO Y/O OPERACIONES,UNIVERSITARIO,INGENIERÍA DE SISTEMAS,BOGOTÁ,25659,25226,-0.0169
ALTA DEMANDA,DIRECTOR DE DESARROLLO Y/O OPERACIONES,UNIVERSITARIO,INGENIERÍA DE SISTEMAS,BOGOTÁ,25659,25226,-0.0169
ALTA ROTACIÓN,DIRECTOR DE DESARROLLO Y/O OPERACIONES,UNIVERSITARIO,INGENIERÍA DE SISTEMAS,BOGOTÁ,25659,25226,-0.0169
CRÍTICO,DIRECTOR DE SEGURIDAD INFORMÁTICA,UNIVERSITARIO,INGENIERÍA DE SISTEMAS,MEDELLÍN,8307,9279,0.117
CRÍTICO,DIRECTOR DE SEGURIDAD INFORMÁTICA,UNIVERSITARIO,INGENIERÍA DE SISTEMAS,BUCARAMANGA,3333,3525,0.0576
CRÍTICO,DISEÑADOR WEB,UNIVERSITARIO,INGENIERÍA DE SISTEMAS,BOGOTÁ,25659,25226,-0.0169
ALTA DEMANDA,DISEÑADOR WEB,UNIVERSITARIO,INGENIERÍA DE SISTEMAS,BOGOTÁ,25659,25226,-0.0169
ALTA ROTACIÓN,DISEÑADOR WEB,UNIVERSITARIO,INGENIERÍA DE SISTEMAS,BOGOTÁ,25659,25226,-0.0169
CRÍTICO,DISEÑADOR WEB,UNIVERSITARIO,INGENIERÍA DE SISTEMAS,MANIZALES,2124,2145,0.0099
ALTA DEMANDA,DISEÑADOR WEB,UNIVERSITARIO,INGENIERÍA DE SISTEMAS,MANIZALES,2124,2145,0.0099
ALTA ROTACIÓN,DISEÑADOR WEB,UNIVERSITARIO,INGENIERÍA DE SISTEMAS,MANIZALES,2124,2145,0.0099
CRÍTICO,DISEÑADOR WEB,UNIVERSITARIO,INGENIERÍA DE SISTEMAS,CALI,4255,4464,0.0491
ALTA DEMANDA,DISEÑADOR WEB,UNIVERSITARIO,INGENIERÍA DE SISTEMAS,CALI,4255,4464,0.0491
ALTA ROTACIÓN,DISEÑADOR WEB,UNIVERSITARIO,INGENIERÍA DE SISTEMAS,CALI,4255,4464,0.0491
CRÍTICO,DISEÑADOR WEB,UNIVERSITARIO,INGENIERÍA DE SOFTWARE,BOGOTÁ,1362,2517,0.848
ALTA DEMANDA,DISEÑADOR WEB,UNIVERSITARIO,INGENIERÍA DE SOFTWARE,BOGOTÁ,1362,2517,0.848
ALTA ROTACIÓN,DISEÑADOR WEB,UNIVERSITARIO,INGENIERÍA DE SOFTWARE,BOGOTÁ,1362,2517,0.848
CRÍTICO,GERENTE DE PROYECTOS,UNIVERSITARIO,INGENIERÍA DE SISTEMAS,BUCARAMANGA,3333,3525,0.0576
CRÍTICO,GERENTE DE PROYECTOS,UNIVERSITARIO,INGENIERÍA DE SISTEMAS,CALI,4255,4464,0.0491
CRÍTICO,GERENTE DE PROYECTOS,UNIVERSITARIO,INGENIERÍA DE SISTEMAS,PEREIRA,2795,2683,-0.0401
CRÍTICO,GERENTE DE PROYECTOS,UNIVERSITARIO,INGENIERÍA DE SISTEMAS,MANIZALES,2124,2145,0.0099
CRÍTICO,GERENTE DE PROYECTOS,UNIVERSITARIO,INGENIERÍA DE SISTEMAS,BOGOTÁ,25659,25226,-0.0169
CRÍTICO,GERENTE TÉCNICO Y DE DESARROLLO,UNIVERSITARIO,INGENIERÍA DE SISTEMAS,MANIZALES,2124,2145,0.0099
ALTA ROTACIÓN,GERENTE TÉCNICO Y DE DESARROLLO,UNIVERSITARIO,INGENIERÍA DE SISTEMAS,MANIZALES,2124,2145,0.0099
CRÍTICO,GERENTE TÉCNICO Y DE DESARROLLO,UNIVERSITARIO,INGENIERÍA DE SISTEMAS,BOGOTÁ,25659,25226,-0.0169
ALTA ROTACIÓN,GERENTE TÉCNICO Y DE DESARROLLO,UNIVERSITARIO,INGENIERÍA DE SISTEMAS,BOGOTÁ,25659,25226,-0.0169
CRÍTICO,GERENTE TÉCNICO Y DE DESARROLLO,UNIVERSITARIO,INGENIERÍA ELECTRÓNICA,BOGOTÁ,11772,10896,-0.0744
ALTA ROTACIÓN,GERENTE TÉCNICO Y DE DESARROLLO,UNIVERSITARIO,INGENIERÍA ELECTRÓNICA,BOGOTÁ,11772,10896,-0.0744
CRÍTICO,GERENTE TÉCNICO Y DE DESARROLLO,UNIVERSITARIO,INGENIERÍA DE SISTEMAS,MEDELLÍN,8307,9279,0.117
ALTA ROTACIÓN,GERENTE TÉCNICO Y DE DESARROLLO,UNIVERSITARIO,INGENIERÍA DE SISTEMAS,MEDELLÍN,8307,9279,0.117
CRÍTICO,GERENTE TÉCNICO Y DE DESARROLLO,UNIVERSITARIO,INGENIERÍA EN INFORMÁTICA,MEDELLÍN,1267,2244,0.7711
ALTA ROTACIÓN,GERENTE TÉCNICO Y DE DESARROLLO,UNIVERSITARIO,INGENIERÍA EN INFORMÁTICA,MEDELLÍN,1267,2244,0.7711
CRÍTICO,INGENIERO DE DESARROLLO,UNIVERSITARIO,INGENIERÍA DE SISTEMAS,MEDELLÍN,8307,9279,0.117
ALTA DEMANDA,INGENIERO DE DESARROLLO,UNIVERSITARIO,INGENIERÍA DE SISTEMAS,MEDELLÍN,8307,9279,0.117
ALTA ROTACIÓN,INGENIERO DE DESARROLLO,UNIVERSITARIO,INGENIERÍA DE SISTEMAS,MEDELLÍN,8307,9279,0.117
CRÍTICO,INGENIERO DE DESARROLLO,UNIVERSITARIO,INGENIERÍA DE SISTEMAS,CALI,4255,4464,0.0491
ALTA DEMANDA,INGENIERO DE DESARROLLO,UNIVERSITARIO,INGENIERÍA DE SISTEMAS,CALI,4255,4464,0.0491
ALTA ROTACIÓN,INGENIERO DE DESARROLLO,UNIVERSITARIO,INGENIERÍA DE SISTEMAS,CALI,4255,4464,0.0491
CRÍTICO,INGENIERO DE DESARROLLO,UNIVERSITARIO,INGENIERÍA DE SISTEMAS,MANIZALES,2124,2145,0.0099
ALTA DEMANDA,INGENIERO DE DESARROLLO,UNIVERSITARIO,INGENIERÍA DE SISTEMAS,MANIZALES,2124,2145,0.0099
ALTA ROTACIÓN,INGENIERO DE DESARROLLO,UNIVERSITARIO,INGENIERÍA DE SISTEMAS,MANIZALES,2124,2145,0.0099
CRÍTICO,INGENIERO DE DESARROLLO,UNIVERSITARIO,INGENIERÍA DE SISTEMAS,BUCARAMANGA,3333,3525,0.0576
ALTA DEMANDA,INGENIERO DE DESARROLLO,UNIVERSITARIO,INGENIERÍA DE SISTEMAS,BUCARAMANGA,3333,3525,0.0576
ALTA ROTACIÓN,INGENIERO DE DESARROLLO,UNIVERSITARIO,INGENIERÍA DE SISTEMAS,BUCARAMANGA,3333,3525,0.0576
CRÍTICO,INGENIERO DE DESARROLLO,UNIVERSITARIO,INGENIERÍA DE SISTEMAS,BOGOTÁ,25659,25226,-0.0169
ALTA DEMANDA,INGENIERO DE DESARROLLO,UNIVERSITARIO,INGENIERÍA DE SISTEMAS,BOGOTÁ,25659,25226,-0.0169
ALTA ROTACIÓN,INGENIERO DE DESARROLLO,UNIVERSITARIO,INGENIERÍA DE SISTEMAS,BOGOTÁ,25659,25226,-0.0169
CRÍTICO,INGENIERO DE DESARROLLO,UNIVERSITARIO,INGENIERÍA DE SOFTWARE,BOGOTÁ,1362,2517,0.848
ALTA DEMANDA,INGENIERO DE DESARROLLO,UNIVERSITARIO,INGENIERÍA DE SOFTWARE,BOGOTÁ,1362,2517,0.848
ALTA ROTACIÓN,INGENIERO DE DESARROLLO,UNIVERSITARIO,INGENIERÍA DE SOFTWARE,BOGOTÁ,1362,2517,0.848
CRÍTICO,INGENIERO DE DESARROLLO,UNIVERSITARIO,INGENIERÍA DE SISTEMAS,ARMENIA,1304,1541,0.1817
ALTA DEMANDA,INGENIERO DE DESARROLLO,UNIVERSITARIO,INGENIERÍA DE SISTEMAS,ARMENIA,1304,1541,0.1817
ALTA ROTACIÓN,INGENIERO DE DESARROLLO,UNIVERSITARIO,INGENIERÍA DE SISTEMAS,ARMENIA,1304,1541,0.1817
CRÍTICO,INGENIERO DE IMPLEMENTACIÓN,UNIVERSITARIO,INGENIERÍA ELECTRÓNICA,BUCARAMANGA,2787,2616,-0.0614
ALTA DEMANDA,INGENIERO DE IMPLEMENTACIÓN,UNIVERSITARIO,INGENIERÍA ELECTRÓNICA,BUCARAMANGA,2787,2616,-0.0614
ALTA ROTACIÓN,INGENIERO DE IMPLEMENTACIÓN,UNIVERSITARIO,INGENIERÍA ELECTRÓNICA,BUCARAMANGA,2787,2616,-0.0614
CRÍTICO,INGENIERO DE IMPLEMENTACIÓN,UNIVERSITARIO,INGENIERÍA ELECTRÓNICA,BOGOTÁ,11772,10896,-0.0744
ALTA DEMANDA,INGENIERO DE IMPLEMENTACIÓN,UNIVERSITARIO,INGENIERÍA ELECTRÓNICA,BOGOTÁ,11772,10896,-0.0744
ALTA ROTACIÓN,INGENIERO DE IMPLEMENTACIÓN,UNIVERSITARIO,INGENIERÍA ELECTRÓNICA,BOGOTÁ,11772,10896,-0.0744
CRÍTICO,INGENIERO DE IMPLEMENTACIÓN,UNIVERSITARIO,INGENIERÍA DE SISTEMAS,BOGOTÁ,25659,25226,-0.0169
ALTA DEMANDA,INGENIERO DE IMPLEMENTACIÓN,UNIVERSITARIO,INGENIERÍA DE SISTEMAS,BOGOTÁ,25659,25226,-0.0169
ALTA ROTACIÓN,INGENIERO DE IMPLEMENTACIÓN,UNIVERSITARIO,INGENIERÍA DE SISTEMAS,BOGOTÁ,25659,25226,-0.0169
CRÍTICO,INGENIERO DE IMPLEMENTACIÓN,UNIVERSITARIO,INGENIERÍA DE SISTEMAS,PEREIRA,2795,2683,-0.0401
ALTA DEMANDA,INGENIERO DE IMPLEMENTACIÓN,UNIVERSITARIO,INGENIERÍA DE SISTEMAS,PEREIRA,2795,2683,-0.0401
ALTA ROTACIÓN,INGENIERO DE IMPLEMENTACIÓN,UNIVERSITARIO,INGENIERÍA DE SISTEMAS,PEREIRA,2795,2683,-0.0401
CRÍTICO,INGENIERO DE IMPLEMENTACIÓN,UNIVERSITARIO,INGENIERÍA DE SISTEMAS,ARMENIA,1304,1541,0.1817
ALTA DEMANDA,INGENIERO DE IMPLEMENTACIÓN,UNIVERSITARIO,INGENIERÍA DE SISTEMAS,ARMENIA,1304,1541,0.1817
ALTA ROTACIÓN,INGENIERO DE IMPLEMENTACIÓN,UNIVERSITARIO,INGENIERÍA DE SISTEMAS,ARMENIA,1304,1541,0.1817
CRÍTICO,INGENIERO DE IMPLEMENTACIÓN,UNIVERSITARIO,INGENIERÍA DE SISTEMAS,BUCARAMANGA,3333,3525,0.0576
ALTA DEMANDA,INGENIERO DE IMPLEMENTACIÓN,UNIVERSITARIO,INGENIERÍA DE SISTEMAS,BUCARAMANGA,3333,3525,0.0576
ALTA ROTACIÓN,INGENIERO DE IMPLEMENTACIÓN,UNIVERSITARIO,INGENIERÍA DE SISTEMAS,BUCARAMANGA,3333,3525,0.0576
CRÍTICO,INGENIERO DE MERCHANDISING,UNIVERSITARIO,INGENIERÍA DE SISTEMAS,MEDELLÍN,8307,9279,0.117
ALTA DEMANDA,INGENIERO DE PRUEBAS DE SOFTWARE,UNIVERSITARIO,INGENIERÍA DE SISTEMAS,MANIZALES,2124,2145,0.0099
ALTA DEMANDA,INGENIERO DE PRUEBAS DE SOFTWARE,UNIVERSITARIO,INGENIERÍA DE SISTEMAS,BOGOTÁ,25659,25226,-0.0169
CRÍTICO,INGENIERO DE SOPORTE,UNIVERSITARIO,INGENIERÍA DE SISTEMAS,MEDELLÍN,8307,9279,0.117
ALTA DEMANDA,INGENIERO DE SOPORTE,UNIVERSITARIO,INGENIERÍA DE SISTEMAS,MEDELLÍN,8307,9279,0.117
ALTA ROTACIÓN,INGENIERO DE SOPORTE,UNIVERSITARIO,INGENIERÍA DE SISTEMAS,MEDELLÍN,8307,9279,0.117
CRÍTICO,INGENIERO DE SOPORTE,UNIVERSITARIO,INGENIERÍA DE SISTEMAS,MANIZALES,2124,2145,0.0099
ALTA DEMANDA,INGENIERO DE SOPORTE,UNIVERSITARIO,INGENIERÍA DE SISTEMAS,MANIZALES,2124,2145,0.0099
ALTA ROTACIÓN,INGENIERO DE SOPORTE,UNIVERSITARIO,INGENIERÍA DE SISTEMAS,MANIZALES,2124,2145,0.0099
CRÍTICO,INGENIERO DE SOPORTE,UNIVERSITARIO,INGENIERÍA DE SISTEMAS,BOGOTÁ,25659,25226,-0.0169
ALTA DEMANDA,INGENIERO DE SOPORTE,UNIVERSITARIO,INGENIERÍA DE SISTEMAS,BOGOTÁ,25659,25226,-0.0169
ALTA ROTACIÓN,INGENIERO DE SOPORTE,UNIVERSITARIO,INGENIERÍA DE SISTEMAS,BOGOTÁ,25659,25226,-0.0169
CRÍTICO,INGENIERO DE SOPORTE,UNIVERSITARIO,INGENIERÍA DE SOFTWARE,BOGOTÁ,1362,2517,0.848
ALTA DEMANDA,INGENIERO DE SOPORTE,UNIVERSITARIO,INGENIERÍA DE SOFTWARE,BOGOTÁ,1362,2517,0.848
ALTA ROTACIÓN,INGENIERO DE SOPORTE,UNIVERSITARIO,INGENIERÍA DE SOFTWARE,BOGOTÁ,1362,2517,0.848
CRÍTICO,INGENIERO DE SOPORTE,UNIVERSITARIO,INGENIERÍA DE SISTEMAS,BUCARAMANGA,3333,3525,0.0576
ALTA DEMANDA,INGENIERO DE SOPORTE,UNIVERSITARIO,INGENIERÍA DE SISTEMAS,BUCARAMANGA,3333,3525,0.0576
ALTA ROTACIÓN,INGENIERO DE SOPORTE,UNIVERSITARIO,INGENIERÍA DE SISTEMAS,BUCARAMANGA,3333,3525,0.0576
CRÍTICO,INGENIERO DE SOPORTE,UNIVERSITARIO,INGENIERÍA DE SISTEMAS,CALI,4255,4464,0.0491
ALTA DEMANDA,INGENIERO DE SOPORTE,UNIVERSITARIO,INGENIERÍA DE SISTEMAS,CALI,4255,4464,0.0491
ALTA ROTACIÓN,INGENIERO DE SOPORTE,UNIVERSITARIO,INGENIERÍA DE SISTEMAS,CALI,4255,4464,0.0491
CRÍTICO,LIDER DE INFRAESTRUCTURA,UNIVERSITARIO,INGENIERÍA DE SISTEMAS,BOGOTÁ,25659,25226,-0.0169
CRÍTICO,LIDER DE INFRAESTRUCTURA,UNIVERSITARIO,INGENIERÍA DE SISTEMAS,BARRANQUILLA,3198,3163,-0.0109
CRÍTICO,LIDER DE INFRAESTRUCTURA,UNIVERSITARIO,INGENIERÍA DE SISTEMAS,MANIZALES,2124,2145,0.0099
CRÍTICO,LIDER DE INFRAESTRUCTURA,UNIVERSITARIO,INGENIERÍA DE SISTEMAS,MEDELLÍN,8307,9279,0.117
CRÍTICO,LIDER DE INFRAESTRUCTURA,UNIVERSITARIO,INGENIERÍA DE SISTEMAS,BUCARAMANGA,3333,3525,0.0576
CRÍTICO,LIDER E-COMERCE,UNIVERSITARIO,INGENIERÍA DE SISTEMAS,BOGOTÁ,25659,25226,-0.0169
ALTA DEMANDA,LIDER E-COMERCE,UNIVERSITARIO,INGENIERÍA DE SISTEMAS,BOGOTÁ,25659,25226,-0.0169
CRÍTICO,LIDER E-COMERCE,UNIVERSITARIO,INGENIERÍA DE SOFTWARE,BOGOTÁ,1362,2517,0.848
ALTA DEMANDA,LIDER E-COMERCE,UNIVERSITARIO,INGENIERÍA DE SOFTWARE,BOGOTÁ,1362,2517,0.848
CRÍTICO,PROFESIONAL DE OPERACIONES,UNIVERSITARIO,INGENIERÍA DE SISTEMAS,MANIZALES,2124,2145,0.0099
ALTA DEMANDA,PROFESIONAL DE OPERACIONES,UNIVERSITARIO,INGENIERÍA DE SISTEMAS,MANIZALES,2124,2145,0.0099
ALTA ROTACIÓN,PROFESIONAL DE OPERACIONES,UNIVERSITARIO,INGENIERÍA DE SISTEMAS,MANIZALES,2124,2145,0.0099
CRÍTICO,PROFESIONAL DE OPERACIONES,UNIVERSITARIO,INGENIERÍA DE SISTEMAS,BOGOTÁ,25659,25226,-0.0169
ALTA DEMANDA,PROFESIONAL DE OPERACIONES,UNIVERSITARIO,INGENIERÍA DE SISTEMAS,BOGOTÁ,25659,25226,-0.0169
ALTA ROTACIÓN,PROFESIONAL DE OPERACIONES,UNIVERSITARIO,INGENIERÍA DE SISTEMAS,BOGOTÁ,25659,25226,-0.0169
CRÍTICO,PROFESIONAL DE OPERACIONES,UNIVERSITARIO,INGENIERÍA ELECTRÓNICA,BOGOTÁ,11772,10896,-0.0744
ALTA DEMANDA,PROFESIONAL DE OPERACIONES,UNIVERSITARIO,INGENIERÍA ELECTRÓNICA,BOGOTÁ,11772,10896,-0.0744
ALTA ROTACIÓN,PROFESIONAL DE OPERACIONES,UNIVERSITARIO,INGENIERÍA ELECTRÓNICA,BOGOTÁ,11772,10896,-0.0744
CRÍTICO,PROGRAMADOR,UNIVERSITARIO,INGENIERÍA DE SISTEMAS,PEREIRA,2795,2683,-0.0401
ALTA DEMANDA,PROGRAMADOR,UNIVERSITARIO,INGENIERÍA DE SISTEMAS,PEREIRA,2795,2683,-0.0401
CRÍTICO,PROGRAMADOR,UNIVERSITARIO,INGENIERÍA DE SISTEMAS,BUCARAMANGA,3333,3525,0.0576
ALTA DEMANDA,PROGRAMADOR,UNIVERSITARIO,INGENIERÍA DE SISTEMAS,BUCARAMANGA,3333,3525,0.0576
CRÍTICO,PROGRAMADOR,UNIVERSITARIO,INGENIERÍA DE SISTEMAS,BOGOTÁ,25659,25226,-0.0169
ALTA DEMANDA,PROGRAMADOR,UNIVERSITARIO,INGENIERÍA DE SISTEMAS,BOGOTÁ,25659,25226,-0.0169
CRÍTICO,PROGRAMADOR,UNIVERSITARIO,INGENIERÍA DE SISTEMAS,MANIZALES,2124,2145,0.0099
ALTA DEMANDA,PROGRAMADOR,UNIVERSITARIO,INGENIERÍA DE SISTEMAS,MANIZALES,2124,2145,0.0099
CRÍTICO,PROGRAMADOR,UNIVERSITARIO,INGENIERÍA EN INFORMÁTICA,MEDELLÍN,1267,2244,0.7711
ALTA DEMANDA,PROGRAMADOR,UNIVERSITARIO,INGENIERÍA EN INFORMÁTICA,MEDELLÍN,1267,2244,0.7711
CRÍTICO,PROGRAMADOR,UNIVERSITARIO,INGENIERÍA DE SISTEMAS,MEDELLÍN,8307,9279,0.117
ALTA DEMANDA,PROGRAMADOR,UNIVERSITARIO,INGENIERÍA DE SISTEMAS,MEDELLÍN,8307,9279,0.117
CRÍTICO,TÉCNICO DE SISTEMAS,UNIVERSITARIO,INGENIERÍA DE SISTEMAS,MEDELLÍN,8307,9279,0.117
CRÍTICO,TÉCNICO DE SISTEMAS,UNIVERSITARIO,INGENIERÍA DE SISTEMAS,BOGOTÁ,25659,25226,-0.0169
CRÍTICO,TÉCNICO DE SISTEMAS,UNIVERSITARIO,INGENIERÍA EN INFORMÁTICA,MEDELLÍN,1267,2244,0.7711
CRÍTICO,TÉCNICO DE SISTEMAS,UNIVERSITARIO,INGENIERÍA DE SISTEMAS,CALI,4255,4464,0.0491
CRÍTICO,TÉCNICO DE SISTEMAS,UNIVERSITARIO,INGENIERÍA EN INFORMÁTICA,CALI,1066,1044,-0.0206
CRÍTICO,TÉCNICO DE SOPORTE,UNIVERSITARIO,INGENIERÍA DE SISTEMAS,MANIZALES,2124,2145,0.0099
ALTA DEMANDA,TÉCNICO DE SOPORTE,UNIVERSITARIO,INGENIERÍA DE SISTEMAS,MANIZALES,2124,2145,0.0099
ALTA ROTACIÓN,TÉCNICO DE SOPORTE,UNIVERSITARIO,INGENIERÍA DE SISTEMAS,MANIZALES,2124,2145,0.0099
CRÍTICO,TÉCNICO DE SOPORTE,UNIVERSITARIO,INGENIERÍA DE SISTEMAS,BARRANQUILLA,3198,3163,-0.0109
ALTA DEMANDA,TÉCNICO DE SOPORTE,UNIVERSITARIO,INGENIERÍA DE SISTEMAS,BARRANQUILLA,3198,3163,-0.0109
ALTA ROTACIÓN,TÉCNICO DE SOPORTE,UNIVERSITARIO,INGENIERÍA DE SISTEMAS,BARRANQUILLA,3198,3163,-0.0109
CRÍTICO,TÉCNICO DE SOPORTE,UNIVERSITARIO,INGENIERÍA DE SISTEMAS,BOGOTÁ,25659,25226,-0.0169
ALTA DEMANDA,TÉCNICO DE SOPORTE,UNIVERSITARIO,INGENIERÍA DE SISTEMAS,BOGOTÁ,25659,25226,-0.0169
ALTA ROTACIÓN,TÉCNICO DE SOPORTE,UNIVERSITARIO,INGENIERÍA DE SISTEMAS,BOGOTÁ,25659,25226,-0.0169
CRÍTICO,TÉCNICO DE SOPORTE,UNIVERSITARIO,INGENIERÍA DE SISTEMAS,BUCARAMANGA,3333,3525,0.0576
ALTA DEMANDA,TÉCNICO DE SOPORTE,UNIVERSITARIO,INGENIERÍA DE SISTEMAS,BUCARAMANGA,3333,3525,0.0576
ALTA ROTACIÓN,TÉCNICO DE SOPORTE,UNIVERSITARIO,INGENIERÍA DE SISTEMAS,BUCARAMANGA,3333,3525,0.0576
CRÍTICO,VENDEDOR DE TECNOLOGÍA,UNIVERSITARIO,INGENIERÍA DE SISTEMAS,BOGOTÁ,25659,25226,-0.0169
ALTA DEMANDA,VENDEDOR DE TECNOLOGÍA,UNIVERSITARIO,INGENIERÍA DE SISTEMAS,BOGOTÁ,25659,25226,-0.0169
CRÍTICO,VENDEDOR DE TECNOLOGÍA,UNIVERSITARIO,INGENIERÍA DE SISTEMAS,BUCARAMANGA,3333,3525,0.0576
ALTA DEMANDA,VENDEDOR DE TECNOLOGÍA,UNIVERSITARIO,INGENIERÍA DE SISTEMAS,BUCARAMANGA,3333,3525,0.0576
